"FREQ","TIME_PERIOD","GEO_PICT","INDICATOR","SEX","OBS_VALUE","UNIT_MEASUREE","UNIT_MULT","DATA_SOURCE","OBS_STATUS","OBS_COMMENT","CONF_STATUS"
"A",2020,"KI-1","PPCNT","F",10376,"N","","Population and Housing Census","","",""
"A",2020,"KI-1","PPCNT","M",10359,"N","","Population and Housing Census","","",""
"A",2020,"KI-2","PPCNT","F",32791,"N","","Population and Housing Census","","",""
"A",2020,"KI-2","PPCNT","M",30281,"N","","Population and Housing Census","","",""
"A",2020,"KI-3","PPCNT","F",4125,"N","","Population and Housing Census","","",""
"A",2020,"KI-3","PPCNT","M",4219,"N","","Population and Housing Census","","",""
"A",2020,"KI-4","PPCNT","F",7860,"N","","Population and Housing Census","","",""
"A",2020,"KI-4","PPCNT","M",8134,"N","","Population and Housing Census","","",""
"A",2020,"KI-5","PPCNT","F",5382,"N","","Population and Housing Census","","",""
"A",2020,"KI-5","PPCNT","M",5911,"N","","Population and Housing Census","","",""
"A",2020,"KI-1","PPCNT","_T",20735,"N","","Population and Housing Census","","",""
"A",2020,"KI-2","PPCNT","_T",63072,"N","","Population and Housing Census","","",""
"A",2020,"KI-3","PPCNT","_T",8344,"N","","Population and Housing Census","","",""
"A",2020,"KI-4","PPCNT","_T",15994,"N","","Population and Housing Census","","",""
"A",2020,"KI-5","PPCNT","_T",11293,"N","","Population and Housing Census","","",""
"A",2020,"KI-101","PPCNT","F",946,"N","","Population and Housing Census","","",""
"A",2020,"KI-101","PPCNT","M",968,"N","","Population and Housing Census","","",""
"A",2020,"KI-102","PPCNT","F",1624,"N","","Population and Housing Census","","",""
"A",2020,"KI-102","PPCNT","M",1626,"N","","Population and Housing Census","","",""
"A",2020,"KI-103","PPCNT","F",1388,"N","","Population and Housing Census","","",""
"A",2020,"KI-103","PPCNT","M",1350,"N","","Population and Housing Census","","",""
"A",2020,"KI-104","PPCNT","F",2843,"N","","Population and Housing Census","","",""
"A",2020,"KI-104","PPCNT","M",2972,"N","","Population and Housing Census","","",""
"A",2020,"KI-105","PPCNT","F",3575,"N","","Population and Housing Census","","",""
"A",2020,"KI-105","PPCNT","M",3443,"N","","Population and Housing Census","","",""
"A",2020,"KI-201","PPCNT","F",23341,"N","","Population and Housing Census","","",""
"A",2020,"KI-201","PPCNT","M",21302,"N","","Population and Housing Census","","",""
"A",2020,"KI-202","PPCNT","F",9450,"N","","Population and Housing Census","","",""
"A",2020,"KI-202","PPCNT","M",8979,"N","","Population and Housing Census","","",""
"A",2020,"KI-301","PPCNT","F",150,"N","","Population and Housing Census","","",""
"A",2020,"KI-301","PPCNT","M",183,"N","","Population and Housing Census","","",""
"A",2020,"KI-302","PPCNT","F",1152,"N","","Population and Housing Census","","",""
"A",2020,"KI-302","PPCNT","M",1193,"N","","Population and Housing Census","","",""
"A",2020,"KI-303","PPCNT","F",1641,"N","","Population and Housing Census","","",""
"A",2020,"KI-303","PPCNT","M",1614,"N","","Population and Housing Census","","",""
"A",2020,"KI-304","PPCNT","F",585,"N","","Population and Housing Census","","",""
"A",2020,"KI-304","PPCNT","M",605,"N","","Population and Housing Census","","",""
"A",2020,"KI-305","PPCNT","F",597,"N","","Population and Housing Census","","",""
"A",2020,"KI-305","PPCNT","M",624,"N","","Population and Housing Census","","",""
"A",2020,"KI-401","PPCNT","F",1334,"N","","Population and Housing Census","","",""
"A",2020,"KI-401","PPCNT","M",1415,"N","","Population and Housing Census","","",""
"A",2020,"KI-402","PPCNT","F",2100,"N","","Population and Housing Census","","",""
"A",2020,"KI-402","PPCNT","M",2081,"N","","Population and Housing Census","","",""
"A",2020,"KI-403","PPCNT","F",682,"N","","Population and Housing Census","","",""
"A",2020,"KI-403","PPCNT","M",674,"N","","Population and Housing Census","","",""
"A",2020,"KI-404","PPCNT","F",1097,"N","","Population and Housing Census","","",""
"A",2020,"KI-404","PPCNT","M",1117,"N","","Population and Housing Census","","",""
"A",2020,"KI-405","PPCNT","F",966,"N","","Population and Housing Census","","",""
"A",2020,"KI-405","PPCNT","M",1089,"N","","Population and Housing Census","","",""
"A",2020,"KI-406","PPCNT","F",685,"N","","Population and Housing Census","","",""
"A",2020,"KI-406","PPCNT","M",732,"N","","Population and Housing Census","","",""
"A",2020,"KI-407","PPCNT","F",514,"N","","Population and Housing Census","","",""
"A",2020,"KI-407","PPCNT","M",514,"N","","Population and Housing Census","","",""
"A",2020,"KI-408","PPCNT","F",482,"N","","Population and Housing Census","","",""
"A",2020,"KI-408","PPCNT","M",512,"N","","Population and Housing Census","","",""
"A",2020,"KI-501","PPCNT","F",899,"N","","Population and Housing Census","","",""
"A",2020,"KI-501","PPCNT","M",994,"N","","Population and Housing Census","","",""
"A",2020,"KI-502","PPCNT","F",930,"N","","Population and Housing Census","","",""
"A",2020,"KI-502","PPCNT","M",1060,"N","","Population and Housing Census","","",""
"A",2020,"KI-503","PPCNT","F",3532,"N","","Population and Housing Census","","",""
"A",2020,"KI-503","PPCNT","M",3837,"N","","Population and Housing Census","","",""
"A",2020,"KI-504","PPCNT","F",21,"N","","Population and Housing Census","","",""
"A",2020,"KI-504","PPCNT","M",20,"N","","Population and Housing Census","","",""
"A",2020,"KI-101","PPCNT","_T",1914,"N","","Population and Housing Census","","",""
"A",2020,"KI-102","PPCNT","_T",3250,"N","","Population and Housing Census","","",""
"A",2020,"KI-103","PPCNT","_T",2738,"N","","Population and Housing Census","","",""
"A",2020,"KI-104","PPCNT","_T",5815,"N","","Population and Housing Census","","",""
"A",2020,"KI-105","PPCNT","_T",7018,"N","","Population and Housing Census","","",""
"A",2020,"KI-201","PPCNT","_T",44643,"N","","Population and Housing Census","","",""
"A",2020,"KI-202","PPCNT","_T",18429,"N","","Population and Housing Census","","",""
"A",2020,"KI-301","PPCNT","_T",333,"N","","Population and Housing Census","","",""
"A",2020,"KI-302","PPCNT","_T",2345,"N","","Population and Housing Census","","",""
"A",2020,"KI-303","PPCNT","_T",3255,"N","","Population and Housing Census","","",""
"A",2020,"KI-304","PPCNT","_T",1190,"N","","Population and Housing Census","","",""
"A",2020,"KI-305","PPCNT","_T",1221,"N","","Population and Housing Census","","",""
"A",2020,"KI-401","PPCNT","_T",2749,"N","","Population and Housing Census","","",""
"A",2020,"KI-402","PPCNT","_T",4181,"N","","Population and Housing Census","","",""
"A",2020,"KI-403","PPCNT","_T",1356,"N","","Population and Housing Census","","",""
"A",2020,"KI-404","PPCNT","_T",2214,"N","","Population and Housing Census","","",""
"A",2020,"KI-405","PPCNT","_T",2055,"N","","Population and Housing Census","","",""
"A",2020,"KI-406","PPCNT","_T",1417,"N","","Population and Housing Census","","",""
"A",2020,"KI-407","PPCNT","_T",1028,"N","","Population and Housing Census","","",""
"A",2020,"KI-408","PPCNT","_T",994,"N","","Population and Housing Census","","",""
"A",2020,"KI-501","PPCNT","_T",1893,"N","","Population and Housing Census","","",""
"A",2020,"KI-502","PPCNT","_T",1990,"N","","Population and Housing Census","","",""
"A",2020,"KI-503","PPCNT","_T",7369,"N","","Population and Housing Census","","",""
"A",2020,"KI-504","PPCNT","_T",41,"N","","Population and Housing Census","","",""
"A",2020,"KI","PPCNT","F",60534,"N","","Population and Housing Census","","",""
"A",2020,"KI","PPCNT","M",58904,"N","","Population and Housing Census","","",""
"A",2020,"KI","PPCNT","_T",119438,"N","","Population and Housing Census","","",""
"A",2020,"KI-1","PPRVCNT","F",8915,"N","","Population and Housing Census","","",""
"A",2020,"KI-1","PPRVCNT","M",8988,"N","","Population and Housing Census","","",""
"A",2020,"KI-2","PPRVCNT","F",27056,"N","","Population and Housing Census","","",""
"A",2020,"KI-2","PPRVCNT","M",25009,"N","","Population and Housing Census","","",""
"A",2020,"KI-3","PPRVCNT","F",3549,"N","","Population and Housing Census","","",""
"A",2020,"KI-3","PPRVCNT","M",3620,"N","","Population and Housing Census","","",""
"A",2020,"KI-4","PPRVCNT","F",6674,"N","","Population and Housing Census","","",""
"A",2020,"KI-4","PPRVCNT","M",7026,"N","","Population and Housing Census","","",""
"A",2020,"KI-5","PPRVCNT","F",3979,"N","","Population and Housing Census","","",""
"A",2020,"KI-5","PPRVCNT","M",4354,"N","","Population and Housing Census","","",""
"A",2020,"KI-1","PPRVCNT","_T",17903,"N","","Population and Housing Census","","",""
"A",2020,"KI-2","PPRVCNT","_T",52065,"N","","Population and Housing Census","","",""
"A",2020,"KI-3","PPRVCNT","_T",7169,"N","","Population and Housing Census","","",""
"A",2020,"KI-4","PPRVCNT","_T",13700,"N","","Population and Housing Census","","",""
"A",2020,"KI-5","PPRVCNT","_T",8333,"N","","Population and Housing Census","","",""
"A",2020,"KI-101","PPRVCNT","F",851,"N","","Population and Housing Census","","",""
"A",2020,"KI-101","PPRVCNT","M",869,"N","","Population and Housing Census","","",""
"A",2020,"KI-102","PPRVCNT","F",1439,"N","","Population and Housing Census","","",""
"A",2020,"KI-102","PPRVCNT","M",1443,"N","","Population and Housing Census","","",""
"A",2020,"KI-103","PPRVCNT","F",1296,"N","","Population and Housing Census","","",""
"A",2020,"KI-103","PPRVCNT","M",1261,"N","","Population and Housing Census","","",""
"A",2020,"KI-104","PPRVCNT","F",2222,"N","","Population and Housing Census","","",""
"A",2020,"KI-104","PPRVCNT","M",2360,"N","","Population and Housing Census","","",""
"A",2020,"KI-105","PPRVCNT","F",3107,"N","","Population and Housing Census","","",""
"A",2020,"KI-105","PPRVCNT","M",3055,"N","","Population and Housing Census","","",""
"A",2020,"KI-201","PPRVCNT","F",19933,"N","","Population and Housing Census","","",""
"A",2020,"KI-201","PPRVCNT","M",18341,"N","","Population and Housing Census","","",""
"A",2020,"KI-202","PPRVCNT","F",7123,"N","","Population and Housing Census","","",""
"A",2020,"KI-202","PPRVCNT","M",6668,"N","","Population and Housing Census","","",""
"A",2020,"KI-301","PPRVCNT","F",129,"N","","Population and Housing Census","","",""
"A",2020,"KI-301","PPRVCNT","M",145,"N","","Population and Housing Census","","",""
"A",2020,"KI-302","PPRVCNT","F",1048,"N","","Population and Housing Census","","",""
"A",2020,"KI-302","PPRVCNT","M",1043,"N","","Population and Housing Census","","",""
"A",2020,"KI-303","PPRVCNT","F",1307,"N","","Population and Housing Census","","",""
"A",2020,"KI-303","PPRVCNT","M",1349,"N","","Population and Housing Census","","",""
"A",2020,"KI-304","PPRVCNT","F",536,"N","","Population and Housing Census","","",""
"A",2020,"KI-304","PPRVCNT","M",551,"N","","Population and Housing Census","","",""
"A",2020,"KI-305","PPRVCNT","F",529,"N","","Population and Housing Census","","",""
"A",2020,"KI-305","PPRVCNT","M",532,"N","","Population and Housing Census","","",""
"A",2020,"KI-401","PPRVCNT","F",1209,"N","","Population and Housing Census","","",""
"A",2020,"KI-401","PPRVCNT","M",1282,"N","","Population and Housing Census","","",""
"A",2020,"KI-402","PPRVCNT","F",1658,"N","","Population and Housing Census","","",""
"A",2020,"KI-402","PPRVCNT","M",1711,"N","","Population and Housing Census","","",""
"A",2020,"KI-403","PPRVCNT","F",611,"N","","Population and Housing Census","","",""
"A",2020,"KI-403","PPRVCNT","M",610,"N","","Population and Housing Census","","",""
"A",2020,"KI-404","PPRVCNT","F",931,"N","","Population and Housing Census","","",""
"A",2020,"KI-404","PPRVCNT","M",935,"N","","Population and Housing Census","","",""
"A",2020,"KI-405","PPRVCNT","F",805,"N","","Population and Housing Census","","",""
"A",2020,"KI-405","PPRVCNT","M",926,"N","","Population and Housing Census","","",""
"A",2020,"KI-406","PPRVCNT","F",569,"N","","Population and Housing Census","","",""
"A",2020,"KI-406","PPRVCNT","M",629,"N","","Population and Housing Census","","",""
"A",2020,"KI-407","PPRVCNT","F",464,"N","","Population and Housing Census","","",""
"A",2020,"KI-407","PPRVCNT","M",475,"N","","Population and Housing Census","","",""
"A",2020,"KI-408","PPRVCNT","F",427,"N","","Population and Housing Census","","",""
"A",2020,"KI-408","PPRVCNT","M",458,"N","","Population and Housing Census","","",""
"A",2020,"KI-501","PPRVCNT","F",639,"N","","Population and Housing Census","","",""
"A",2020,"KI-501","PPRVCNT","M",727,"N","","Population and Housing Census","","",""
"A",2020,"KI-502","PPRVCNT","F",849,"N","","Population and Housing Census","","",""
"A",2020,"KI-502","PPRVCNT","M",988,"N","","Population and Housing Census","","",""
"A",2020,"KI-503","PPRVCNT","F",2482,"N","","Population and Housing Census","","",""
"A",2020,"KI-503","PPRVCNT","M",2630,"N","","Population and Housing Census","","",""
"A",2020,"KI-504","PPRVCNT","F",9,"N","","Population and Housing Census","","",""
"A",2020,"KI-504","PPRVCNT","M",9,"N","","Population and Housing Census","","",""
"A",2020,"KI-101","PPRVCNT","_T",1720,"N","","Population and Housing Census","","",""
"A",2020,"KI-102","PPRVCNT","_T",2882,"N","","Population and Housing Census","","",""
"A",2020,"KI-103","PPRVCNT","_T",2557,"N","","Population and Housing Census","","",""
"A",2020,"KI-104","PPRVCNT","_T",4582,"N","","Population and Housing Census","","",""
"A",2020,"KI-105","PPRVCNT","_T",6162,"N","","Population and Housing Census","","",""
"A",2020,"KI-201","PPRVCNT","_T",38274,"N","","Population and Housing Census","","",""
"A",2020,"KI-202","PPRVCNT","_T",13791,"N","","Population and Housing Census","","",""
"A",2020,"KI-301","PPRVCNT","_T",274,"N","","Population and Housing Census","","",""
"A",2020,"KI-302","PPRVCNT","_T",2091,"N","","Population and Housing Census","","",""
"A",2020,"KI-303","PPRVCNT","_T",2656,"N","","Population and Housing Census","","",""
"A",2020,"KI-304","PPRVCNT","_T",1087,"N","","Population and Housing Census","","",""
"A",2020,"KI-305","PPRVCNT","_T",1061,"N","","Population and Housing Census","","",""
"A",2020,"KI-401","PPRVCNT","_T",2491,"N","","Population and Housing Census","","",""
"A",2020,"KI-402","PPRVCNT","_T",3369,"N","","Population and Housing Census","","",""
"A",2020,"KI-403","PPRVCNT","_T",1221,"N","","Population and Housing Census","","",""
"A",2020,"KI-404","PPRVCNT","_T",1866,"N","","Population and Housing Census","","",""
"A",2020,"KI-405","PPRVCNT","_T",1731,"N","","Population and Housing Census","","",""
"A",2020,"KI-406","PPRVCNT","_T",1198,"N","","Population and Housing Census","","",""
"A",2020,"KI-407","PPRVCNT","_T",939,"N","","Population and Housing Census","","",""
"A",2020,"KI-408","PPRVCNT","_T",885,"N","","Population and Housing Census","","",""
"A",2020,"KI-501","PPRVCNT","_T",1366,"N","","Population and Housing Census","","",""
"A",2020,"KI-502","PPRVCNT","_T",1837,"N","","Population and Housing Census","","",""
"A",2020,"KI-503","PPRVCNT","_T",5112,"N","","Population and Housing Census","","",""
"A",2020,"KI-504","PPRVCNT","_T",18,"N","","Population and Housing Census","","",""
"A",2020,"KI","PPRVCNT","F",50173,"N","","Population and Housing Census","","",""
"A",2020,"KI","PPRVCNT","M",48997,"N","","Population and Housing Census","","",""
"A",2020,"KI","PPRVCNT","_T",99170,"N","","Population and Housing Census","","",""
"A",2020,"KI-1","15PLSCNT","F",5445,"N","","Population and Housing Census","","",""
"A",2020,"KI-1","15PLSCNT","M",5207,"N","","Population and Housing Census","","",""
"A",2020,"KI-2","15PLSCNT","F",18095,"N","","Population and Housing Census","","",""
"A",2020,"KI-2","15PLSCNT","M",15724,"N","","Population and Housing Census","","",""
"A",2020,"KI-3","15PLSCNT","F",2211,"N","","Population and Housing Census","","",""
"A",2020,"KI-3","15PLSCNT","M",2189,"N","","Population and Housing Census","","",""
"A",2020,"KI-4","15PLSCNT","F",4288,"N","","Population and Housing Census","","",""
"A",2020,"KI-4","15PLSCNT","M",4392,"N","","Population and Housing Census","","",""
"A",2020,"KI-5","15PLSCNT","F",2391,"N","","Population and Housing Census","","",""
"A",2020,"KI-5","15PLSCNT","M",2602,"N","","Population and Housing Census","","",""
"A",2020,"KI-1","15PLSCNT","_T",10652,"N","","Population and Housing Census","","",""
"A",2020,"KI-2","15PLSCNT","_T",33819,"N","","Population and Housing Census","","",""
"A",2020,"KI-3","15PLSCNT","_T",4400,"N","","Population and Housing Census","","",""
"A",2020,"KI-4","15PLSCNT","_T",8680,"N","","Population and Housing Census","","",""
"A",2020,"KI-5","15PLSCNT","_T",4993,"N","","Population and Housing Census","","",""
"A",2020,"KI-101","15PLSCNT","F",493,"N","","Population and Housing Census","","",""
"A",2020,"KI-101","15PLSCNT","M",476,"N","","Population and Housing Census","","",""
"A",2020,"KI-102","15PLSCNT","F",861,"N","","Population and Housing Census","","",""
"A",2020,"KI-102","15PLSCNT","M",808,"N","","Population and Housing Census","","",""
"A",2020,"KI-103","15PLSCNT","F",772,"N","","Population and Housing Census","","",""
"A",2020,"KI-103","15PLSCNT","M",747,"N","","Population and Housing Census","","",""
"A",2020,"KI-104","15PLSCNT","F",1336,"N","","Population and Housing Census","","",""
"A",2020,"KI-104","15PLSCNT","M",1358,"N","","Population and Housing Census","","",""
"A",2020,"KI-105","15PLSCNT","F",1983,"N","","Population and Housing Census","","",""
"A",2020,"KI-105","15PLSCNT","M",1818,"N","","Population and Housing Census","","",""
"A",2020,"KI-201","15PLSCNT","F",13351,"N","","Population and Housing Census","","",""
"A",2020,"KI-201","15PLSCNT","M",11552,"N","","Population and Housing Census","","",""
"A",2020,"KI-202","15PLSCNT","F",4744,"N","","Population and Housing Census","","",""
"A",2020,"KI-202","15PLSCNT","M",4172,"N","","Population and Housing Census","","",""
"A",2020,"KI-301","15PLSCNT","F",77,"N","","Population and Housing Census","","",""
"A",2020,"KI-301","15PLSCNT","M",78,"N","","Population and Housing Census","","",""
"A",2020,"KI-302","15PLSCNT","F",658,"N","","Population and Housing Census","","",""
"A",2020,"KI-302","15PLSCNT","M",631,"N","","Population and Housing Census","","",""
"A",2020,"KI-303","15PLSCNT","F",823,"N","","Population and Housing Census","","",""
"A",2020,"KI-303","15PLSCNT","M",841,"N","","Population and Housing Census","","",""
"A",2020,"KI-304","15PLSCNT","F",329,"N","","Population and Housing Census","","",""
"A",2020,"KI-304","15PLSCNT","M",324,"N","","Population and Housing Census","","",""
"A",2020,"KI-305","15PLSCNT","F",324,"N","","Population and Housing Census","","",""
"A",2020,"KI-305","15PLSCNT","M",315,"N","","Population and Housing Census","","",""
"A",2020,"KI-401","15PLSCNT","F",786,"N","","Population and Housing Census","","",""
"A",2020,"KI-401","15PLSCNT","M",783,"N","","Population and Housing Census","","",""
"A",2020,"KI-402","15PLSCNT","F",997,"N","","Population and Housing Census","","",""
"A",2020,"KI-402","15PLSCNT","M",994,"N","","Population and Housing Census","","",""
"A",2020,"KI-403","15PLSCNT","F",372,"N","","Population and Housing Census","","",""
"A",2020,"KI-403","15PLSCNT","M",385,"N","","Population and Housing Census","","",""
"A",2020,"KI-404","15PLSCNT","F",612,"N","","Population and Housing Census","","",""
"A",2020,"KI-404","15PLSCNT","M",641,"N","","Population and Housing Census","","",""
"A",2020,"KI-405","15PLSCNT","F",499,"N","","Population and Housing Census","","",""
"A",2020,"KI-405","15PLSCNT","M",562,"N","","Population and Housing Census","","",""
"A",2020,"KI-406","15PLSCNT","F",394,"N","","Population and Housing Census","","",""
"A",2020,"KI-406","15PLSCNT","M",402,"N","","Population and Housing Census","","",""
"A",2020,"KI-407","15PLSCNT","F",331,"N","","Population and Housing Census","","",""
"A",2020,"KI-407","15PLSCNT","M",310,"N","","Population and Housing Census","","",""
"A",2020,"KI-408","15PLSCNT","F",297,"N","","Population and Housing Census","","",""
"A",2020,"KI-408","15PLSCNT","M",315,"N","","Population and Housing Census","","",""
"A",2020,"KI-501","15PLSCNT","F",360,"N","","Population and Housing Census","","",""
"A",2020,"KI-501","15PLSCNT","M",405,"N","","Population and Housing Census","","",""
"A",2020,"KI-502","15PLSCNT","F",512,"N","","Population and Housing Census","","",""
"A",2020,"KI-502","15PLSCNT","M",569,"N","","Population and Housing Census","","",""
"A",2020,"KI-503","15PLSCNT","F",1513,"N","","Population and Housing Census","","",""
"A",2020,"KI-503","15PLSCNT","M",1622,"N","","Population and Housing Census","","",""
"A",2020,"KI-504","15PLSCNT","F",6,"N","","Population and Housing Census","","",""
"A",2020,"KI-504","15PLSCNT","M",6,"N","","Population and Housing Census","","",""
"A",2020,"KI-101","15PLSCNT","_T",969,"N","","Population and Housing Census","","",""
"A",2020,"KI-102","15PLSCNT","_T",1669,"N","","Population and Housing Census","","",""
"A",2020,"KI-103","15PLSCNT","_T",1519,"N","","Population and Housing Census","","",""
"A",2020,"KI-104","15PLSCNT","_T",2694,"N","","Population and Housing Census","","",""
"A",2020,"KI-105","15PLSCNT","_T",3801,"N","","Population and Housing Census","","",""
"A",2020,"KI-201","15PLSCNT","_T",24903,"N","","Population and Housing Census","","",""
"A",2020,"KI-202","15PLSCNT","_T",8916,"N","","Population and Housing Census","","",""
"A",2020,"KI-301","15PLSCNT","_T",155,"N","","Population and Housing Census","","",""
"A",2020,"KI-302","15PLSCNT","_T",1289,"N","","Population and Housing Census","","",""
"A",2020,"KI-303","15PLSCNT","_T",1664,"N","","Population and Housing Census","","",""
"A",2020,"KI-304","15PLSCNT","_T",653,"N","","Population and Housing Census","","",""
"A",2020,"KI-305","15PLSCNT","_T",639,"N","","Population and Housing Census","","",""
"A",2020,"KI-401","15PLSCNT","_T",1569,"N","","Population and Housing Census","","",""
"A",2020,"KI-402","15PLSCNT","_T",1991,"N","","Population and Housing Census","","",""
"A",2020,"KI-403","15PLSCNT","_T",757,"N","","Population and Housing Census","","",""
"A",2020,"KI-404","15PLSCNT","_T",1253,"N","","Population and Housing Census","","",""
"A",2020,"KI-405","15PLSCNT","_T",1061,"N","","Population and Housing Census","","",""
"A",2020,"KI-406","15PLSCNT","_T",796,"N","","Population and Housing Census","","",""
"A",2020,"KI-407","15PLSCNT","_T",641,"N","","Population and Housing Census","","",""
"A",2020,"KI-408","15PLSCNT","_T",612,"N","","Population and Housing Census","","",""
"A",2020,"KI-501","15PLSCNT","_T",765,"N","","Population and Housing Census","","",""
"A",2020,"KI-502","15PLSCNT","_T",1081,"N","","Population and Housing Census","","",""
"A",2020,"KI-503","15PLSCNT","_T",3135,"N","","Population and Housing Census","","",""
"A",2020,"KI-504","15PLSCNT","_T",12,"N","","Population and Housing Census","","",""
"A",2020,"KI","15PLSCNT","F",32430,"N","","Population and Housing Census","","",""
"A",2020,"KI","15PLSCNT","M",30114,"N","","Population and Housing Census","","",""
"A",2020,"KI","15PLSCNT","_T",62544,"N","","Population and Housing Census","","",""
"A",2020,"KI-1","LSS15CNT","F",3861,"N","","Population and Housing Census","","",""
"A",2020,"KI-1","LSS15CNT","M",4164,"N","","Population and Housing Census","","",""
"A",2020,"KI-2","LSS15CNT","F",10681,"N","","Population and Housing Census","","",""
"A",2020,"KI-2","LSS15CNT","M",10964,"N","","Population and Housing Census","","",""
"A",2020,"KI-3","LSS15CNT","F",1455,"N","","Population and Housing Census","","",""
"A",2020,"KI-3","LSS15CNT","M",1593,"N","","Population and Housing Census","","",""
"A",2020,"KI-4","LSS15CNT","F",2752,"N","","Population and Housing Census","","",""
"A",2020,"KI-4","LSS15CNT","M",3029,"N","","Population and Housing Census","","",""
"A",2020,"KI-5","LSS15CNT","F",2097,"N","","Population and Housing Census","","",""
"A",2020,"KI-5","LSS15CNT","M",2324,"N","","Population and Housing Census","","",""
"A",2020,"KI-1","LSS15CNT","_T",8025,"N","","Population and Housing Census","","",""
"A",2020,"KI-2","LSS15CNT","_T",21645,"N","","Population and Housing Census","","",""
"A",2020,"KI-3","LSS15CNT","_T",3048,"N","","Population and Housing Census","","",""
"A",2020,"KI-4","LSS15CNT","_T",5781,"N","","Population and Housing Census","","",""
"A",2020,"KI-5","LSS15CNT","_T",4421,"N","","Population and Housing Census","","",""
"A",2020,"KI-101","LSS15CNT","F",399,"N","","Population and Housing Census","","",""
"A",2020,"KI-101","LSS15CNT","M",428,"N","","Population and Housing Census","","",""
"A",2020,"KI-102","LSS15CNT","F",642,"N","","Population and Housing Census","","",""
"A",2020,"KI-102","LSS15CNT","M",686,"N","","Population and Housing Census","","",""
"A",2020,"KI-103","LSS15CNT","F",564,"N","","Population and Housing Census","","",""
"A",2020,"KI-103","LSS15CNT","M",561,"N","","Population and Housing Census","","",""
"A",2020,"KI-104","LSS15CNT","F",1025,"N","","Population and Housing Census","","",""
"A",2020,"KI-104","LSS15CNT","M",1147,"N","","Population and Housing Census","","",""
"A",2020,"KI-105","LSS15CNT","F",1231,"N","","Population and Housing Census","","",""
"A",2020,"KI-105","LSS15CNT","M",1342,"N","","Population and Housing Census","","",""
"A",2020,"KI-201","LSS15CNT","F",7512,"N","","Population and Housing Census","","",""
"A",2020,"KI-201","LSS15CNT","M",7759,"N","","Population and Housing Census","","",""
"A",2020,"KI-202","LSS15CNT","F",3169,"N","","Population and Housing Census","","",""
"A",2020,"KI-202","LSS15CNT","M",3205,"N","","Population and Housing Census","","",""
"A",2020,"KI-301","LSS15CNT","F",59,"N","","Population and Housing Census","","",""
"A",2020,"KI-301","LSS15CNT","M",91,"N","","Population and Housing Census","","",""
"A",2020,"KI-302","LSS15CNT","F",412,"N","","Population and Housing Census","","",""
"A",2020,"KI-302","LSS15CNT","M",448,"N","","Population and Housing Census","","",""
"A",2020,"KI-303","LSS15CNT","F",528,"N","","Population and Housing Census","","",""
"A",2020,"KI-303","LSS15CNT","M",556,"N","","Population and Housing Census","","",""
"A",2020,"KI-304","LSS15CNT","F",228,"N","","Population and Housing Census","","",""
"A",2020,"KI-304","LSS15CNT","M",251,"N","","Population and Housing Census","","",""
"A",2020,"KI-305","LSS15CNT","F",228,"N","","Population and Housing Census","","",""
"A",2020,"KI-305","LSS15CNT","M",247,"N","","Population and Housing Census","","",""
"A",2020,"KI-401","LSS15CNT","F",473,"N","","Population and Housing Census","","",""
"A",2020,"KI-401","LSS15CNT","M",537,"N","","Population and Housing Census","","",""
"A",2020,"KI-402","LSS15CNT","F",772,"N","","Population and Housing Census","","",""
"A",2020,"KI-402","LSS15CNT","M",844,"N","","Population and Housing Census","","",""
"A",2020,"KI-403","LSS15CNT","F",269,"N","","Population and Housing Census","","",""
"A",2020,"KI-403","LSS15CNT","M",254,"N","","Population and Housing Census","","",""
"A",2020,"KI-404","LSS15CNT","F",357,"N","","Population and Housing Census","","",""
"A",2020,"KI-404","LSS15CNT","M",351,"N","","Population and Housing Census","","",""
"A",2020,"KI-405","LSS15CNT","F",368,"N","","Population and Housing Census","","",""
"A",2020,"KI-405","LSS15CNT","M",434,"N","","Population and Housing Census","","",""
"A",2020,"KI-406","LSS15CNT","F",215,"N","","Population and Housing Census","","",""
"A",2020,"KI-406","LSS15CNT","M",265,"N","","Population and Housing Census","","",""
"A",2020,"KI-407","LSS15CNT","F",147,"N","","Population and Housing Census","","",""
"A",2020,"KI-407","LSS15CNT","M",175,"N","","Population and Housing Census","","",""
"A",2020,"KI-408","LSS15CNT","F",151,"N","","Population and Housing Census","","",""
"A",2020,"KI-408","LSS15CNT","M",169,"N","","Population and Housing Census","","",""
"A",2020,"KI-501","LSS15CNT","F",370,"N","","Population and Housing Census","","",""
"A",2020,"KI-501","LSS15CNT","M",414,"N","","Population and Housing Census","","",""
"A",2020,"KI-502","LSS15CNT","F",372,"N","","Population and Housing Census","","",""
"A",2020,"KI-502","LSS15CNT","M",446,"N","","Population and Housing Census","","",""
"A",2020,"KI-503","LSS15CNT","F",1345,"N","","Population and Housing Census","","",""
"A",2020,"KI-503","LSS15CNT","M",1457,"N","","Population and Housing Census","","",""
"A",2020,"KI-504","LSS15CNT","F",10,"N","","Population and Housing Census","","",""
"A",2020,"KI-504","LSS15CNT","M",7,"N","","Population and Housing Census","","",""
"A",2020,"KI-101","LSS15CNT","_T",827,"N","","Population and Housing Census","","",""
"A",2020,"KI-102","LSS15CNT","_T",1328,"N","","Population and Housing Census","","",""
"A",2020,"KI-103","LSS15CNT","_T",1125,"N","","Population and Housing Census","","",""
"A",2020,"KI-104","LSS15CNT","_T",2172,"N","","Population and Housing Census","","",""
"A",2020,"KI-105","LSS15CNT","_T",2573,"N","","Population and Housing Census","","",""
"A",2020,"KI-201","LSS15CNT","_T",15271,"N","","Population and Housing Census","","",""
"A",2020,"KI-202","LSS15CNT","_T",6374,"N","","Population and Housing Census","","",""
"A",2020,"KI-301","LSS15CNT","_T",150,"N","","Population and Housing Census","","",""
"A",2020,"KI-302","LSS15CNT","_T",860,"N","","Population and Housing Census","","",""
"A",2020,"KI-303","LSS15CNT","_T",1084,"N","","Population and Housing Census","","",""
"A",2020,"KI-304","LSS15CNT","_T",479,"N","","Population and Housing Census","","",""
"A",2020,"KI-305","LSS15CNT","_T",475,"N","","Population and Housing Census","","",""
"A",2020,"KI-401","LSS15CNT","_T",1010,"N","","Population and Housing Census","","",""
"A",2020,"KI-402","LSS15CNT","_T",1616,"N","","Population and Housing Census","","",""
"A",2020,"KI-403","LSS15CNT","_T",523,"N","","Population and Housing Census","","",""
"A",2020,"KI-404","LSS15CNT","_T",708,"N","","Population and Housing Census","","",""
"A",2020,"KI-405","LSS15CNT","_T",802,"N","","Population and Housing Census","","",""
"A",2020,"KI-406","LSS15CNT","_T",480,"N","","Population and Housing Census","","",""
"A",2020,"KI-407","LSS15CNT","_T",322,"N","","Population and Housing Census","","",""
"A",2020,"KI-408","LSS15CNT","_T",320,"N","","Population and Housing Census","","",""
"A",2020,"KI-501","LSS15CNT","_T",784,"N","","Population and Housing Census","","",""
"A",2020,"KI-502","LSS15CNT","_T",818,"N","","Population and Housing Census","","",""
"A",2020,"KI-503","LSS15CNT","_T",2802,"N","","Population and Housing Census","","",""
"A",2020,"KI-504","LSS15CNT","_T",17,"N","","Population and Housing Census","","",""
"A",2020,"KI","LSS15CNT","F",20846,"N","","Population and Housing Census","","",""
"A",2020,"KI","LSS15CNT","M",22074,"N","","Population and Housing Census","","",""
"A",2020,"KI","LSS15CNT","_T",42920,"N","","Population and Housing Census","","",""
"A",2020,"KI-1","15TO24CNT","F",1751,"N","","Population and Housing Census","","",""
"A",2020,"KI-1","15TO24CNT","M",1919,"N","","Population and Housing Census","","",""
"A",2020,"KI-2","15TO24CNT","F",6259,"N","","Population and Housing Census","","",""
"A",2020,"KI-2","15TO24CNT","M",6019,"N","","Population and Housing Census","","",""
"A",2020,"KI-3","15TO24CNT","F",627,"N","","Population and Housing Census","","",""
"A",2020,"KI-3","15TO24CNT","M",706,"N","","Population and Housing Census","","",""
"A",2020,"KI-4","15TO24CNT","F",1137,"N","","Population and Housing Census","","",""
"A",2020,"KI-4","15TO24CNT","M",1391,"N","","Population and Housing Census","","",""
"A",2020,"KI-5","15TO24CNT","F",692,"N","","Population and Housing Census","","",""
"A",2020,"KI-5","15TO24CNT","M",895,"N","","Population and Housing Census","","",""
"A",2020,"KI-1","15TO24CNT","_T",3670,"N","","Population and Housing Census","","",""
"A",2020,"KI-2","15TO24CNT","_T",12278,"N","","Population and Housing Census","","",""
"A",2020,"KI-3","15TO24CNT","_T",1333,"N","","Population and Housing Census","","",""
"A",2020,"KI-4","15TO24CNT","_T",2528,"N","","Population and Housing Census","","",""
"A",2020,"KI-5","15TO24CNT","_T",1587,"N","","Population and Housing Census","","",""
"A",2020,"KI-101","15TO24CNT","F",99,"N","","Population and Housing Census","","",""
"A",2020,"KI-101","15TO24CNT","M",148,"N","","Population and Housing Census","","",""
"A",2020,"KI-102","15TO24CNT","F",197,"N","","Population and Housing Census","","",""
"A",2020,"KI-102","15TO24CNT","M",253,"N","","Population and Housing Census","","",""
"A",2020,"KI-103","15TO24CNT","F",175,"N","","Population and Housing Census","","",""
"A",2020,"KI-103","15TO24CNT","M",204,"N","","Population and Housing Census","","",""
"A",2020,"KI-104","15TO24CNT","F",586,"N","","Population and Housing Census","","",""
"A",2020,"KI-104","15TO24CNT","M",665,"N","","Population and Housing Census","","",""
"A",2020,"KI-105","15TO24CNT","F",694,"N","","Population and Housing Census","","",""
"A",2020,"KI-105","15TO24CNT","M",649,"N","","Population and Housing Census","","",""
"A",2020,"KI-201","15TO24CNT","F",4584,"N","","Population and Housing Census","","",""
"A",2020,"KI-201","15TO24CNT","M",4271,"N","","Population and Housing Census","","",""
"A",2020,"KI-202","15TO24CNT","F",1675,"N","","Population and Housing Census","","",""
"A",2020,"KI-202","15TO24CNT","M",1748,"N","","Population and Housing Census","","",""
"A",2020,"KI-301","15TO24CNT","F",14,"N","","Population and Housing Census","","",""
"A",2020,"KI-301","15TO24CNT","M",15,"N","","Population and Housing Census","","",""
"A",2020,"KI-302","15TO24CNT","F",148,"N","","Population and Housing Census","","",""
"A",2020,"KI-302","15TO24CNT","M",183,"N","","Population and Housing Census","","",""
"A",2020,"KI-303","15TO24CNT","F",341,"N","","Population and Housing Census","","",""
"A",2020,"KI-303","15TO24CNT","M",342,"N","","Population and Housing Census","","",""
"A",2020,"KI-304","15TO24CNT","F",64,"N","","Population and Housing Census","","",""
"A",2020,"KI-304","15TO24CNT","M",92,"N","","Population and Housing Census","","",""
"A",2020,"KI-305","15TO24CNT","F",60,"N","","Population and Housing Census","","",""
"A",2020,"KI-305","15TO24CNT","M",74,"N","","Population and Housing Census","","",""
"A",2020,"KI-401","15TO24CNT","F",171,"N","","Population and Housing Census","","",""
"A",2020,"KI-401","15TO24CNT","M",248,"N","","Population and Housing Census","","",""
"A",2020,"KI-402","15TO24CNT","F",393,"N","","Population and Housing Census","","",""
"A",2020,"KI-402","15TO24CNT","M",390,"N","","Population and Housing Census","","",""
"A",2020,"KI-403","15TO24CNT","F",81,"N","","Population and Housing Census","","",""
"A",2020,"KI-403","15TO24CNT","M",98,"N","","Population and Housing Census","","",""
"A",2020,"KI-404","15TO24CNT","F",161,"N","","Population and Housing Census","","",""
"A",2020,"KI-404","15TO24CNT","M",202,"N","","Population and Housing Census","","",""
"A",2020,"KI-405","15TO24CNT","F",126,"N","","Population and Housing Census","","",""
"A",2020,"KI-405","15TO24CNT","M",181,"N","","Population and Housing Census","","",""
"A",2020,"KI-406","15TO24CNT","F",96,"N","","Population and Housing Census","","",""
"A",2020,"KI-406","15TO24CNT","M",114,"N","","Population and Housing Census","","",""
"A",2020,"KI-407","15TO24CNT","F",58,"N","","Population and Housing Census","","",""
"A",2020,"KI-407","15TO24CNT","M",72,"N","","Population and Housing Census","","",""
"A",2020,"KI-408","15TO24CNT","F",51,"N","","Population and Housing Census","","",""
"A",2020,"KI-408","15TO24CNT","M",86,"N","","Population and Housing Census","","",""
"A",2020,"KI-501","15TO24CNT","F",116,"N","","Population and Housing Census","","",""
"A",2020,"KI-501","15TO24CNT","M",160,"N","","Population and Housing Census","","",""
"A",2020,"KI-502","15TO24CNT","F",107,"N","","Population and Housing Census","","",""
"A",2020,"KI-502","15TO24CNT","M",153,"N","","Population and Housing Census","","",""
"A",2020,"KI-503","15TO24CNT","F",466,"N","","Population and Housing Census","","",""
"A",2020,"KI-503","15TO24CNT","M",578,"N","","Population and Housing Census","","",""
"A",2020,"KI-504","15TO24CNT","F",3,"N","","Population and Housing Census","","",""
"A",2020,"KI-504","15TO24CNT","M",4,"N","","Population and Housing Census","","",""
"A",2020,"KI-101","15TO24CNT","_T",247,"N","","Population and Housing Census","","",""
"A",2020,"KI-102","15TO24CNT","_T",450,"N","","Population and Housing Census","","",""
"A",2020,"KI-103","15TO24CNT","_T",379,"N","","Population and Housing Census","","",""
"A",2020,"KI-104","15TO24CNT","_T",1251,"N","","Population and Housing Census","","",""
"A",2020,"KI-105","15TO24CNT","_T",1343,"N","","Population and Housing Census","","",""
"A",2020,"KI-201","15TO24CNT","_T",8855,"N","","Population and Housing Census","","",""
"A",2020,"KI-202","15TO24CNT","_T",3423,"N","","Population and Housing Census","","",""
"A",2020,"KI-301","15TO24CNT","_T",29,"N","","Population and Housing Census","","",""
"A",2020,"KI-302","15TO24CNT","_T",331,"N","","Population and Housing Census","","",""
"A",2020,"KI-303","15TO24CNT","_T",683,"N","","Population and Housing Census","","",""
"A",2020,"KI-304","15TO24CNT","_T",156,"N","","Population and Housing Census","","",""
"A",2020,"KI-305","15TO24CNT","_T",134,"N","","Population and Housing Census","","",""
"A",2020,"KI-401","15TO24CNT","_T",419,"N","","Population and Housing Census","","",""
"A",2020,"KI-402","15TO24CNT","_T",783,"N","","Population and Housing Census","","",""
"A",2020,"KI-403","15TO24CNT","_T",179,"N","","Population and Housing Census","","",""
"A",2020,"KI-404","15TO24CNT","_T",363,"N","","Population and Housing Census","","",""
"A",2020,"KI-405","15TO24CNT","_T",307,"N","","Population and Housing Census","","",""
"A",2020,"KI-406","15TO24CNT","_T",210,"N","","Population and Housing Census","","",""
"A",2020,"KI-407","15TO24CNT","_T",130,"N","","Population and Housing Census","","",""
"A",2020,"KI-408","15TO24CNT","_T",137,"N","","Population and Housing Census","","",""
"A",2020,"KI-501","15TO24CNT","_T",276,"N","","Population and Housing Census","","",""
"A",2020,"KI-502","15TO24CNT","_T",260,"N","","Population and Housing Census","","",""
"A",2020,"KI-503","15TO24CNT","_T",1044,"N","","Population and Housing Census","","",""
"A",2020,"KI-504","15TO24CNT","_T",7,"N","","Population and Housing Census","","",""
"A",2020,"KI","15TO24CNT","F",10466,"N","","Population and Housing Census","","",""
"A",2020,"KI","15TO24CNT","M",10930,"N","","Population and Housing Census","","",""
"A",2020,"KI","15TO24CNT","_T",21396,"N","","Population and Housing Census","","",""
"A",2020,"KI-1","25TO59CNT","F",3985,"N","","Population and Housing Census","","",""
"A",2020,"KI-1","25TO59CNT","M",3694,"N","","Population and Housing Census","","",""
"A",2020,"KI-2","25TO59CNT","F",13450,"N","","Population and Housing Census","","",""
"A",2020,"KI-2","25TO59CNT","M",11876,"N","","Population and Housing Census","","",""
"A",2020,"KI-3","25TO59CNT","F",1713,"N","","Population and Housing Census","","",""
"A",2020,"KI-3","25TO59CNT","M",1671,"N","","Population and Housing Census","","",""
"A",2020,"KI-4","25TO59CNT","F",3260,"N","","Population and Housing Census","","",""
"A",2020,"KI-4","25TO59CNT","M",3136,"N","","Population and Housing Census","","",""
"A",2020,"KI-5","25TO59CNT","F",2260,"N","","Population and Housing Census","","",""
"A",2020,"KI-5","25TO59CNT","M",2434,"N","","Population and Housing Census","","",""
"A",2020,"KI-1","25TO59CNT","_T",7679,"N","","Population and Housing Census","","",""
"A",2020,"KI-2","25TO59CNT","_T",25326,"N","","Population and Housing Census","","",""
"A",2020,"KI-3","25TO59CNT","_T",3384,"N","","Population and Housing Census","","",""
"A",2020,"KI-4","25TO59CNT","_T",6396,"N","","Population and Housing Census","","",""
"A",2020,"KI-5","25TO59CNT","_T",4694,"N","","Population and Housing Census","","",""
"A",2020,"KI-101","25TO59CNT","F",369,"N","","Population and Housing Census","","",""
"A",2020,"KI-101","25TO59CNT","M",333,"N","","Population and Housing Census","","",""
"A",2020,"KI-102","25TO59CNT","F",637,"N","","Population and Housing Census","","",""
"A",2020,"KI-102","25TO59CNT","M",591,"N","","Population and Housing Census","","",""
"A",2020,"KI-103","25TO59CNT","F",537,"N","","Population and Housing Census","","",""
"A",2020,"KI-103","25TO59CNT","M",505,"N","","Population and Housing Census","","",""
"A",2020,"KI-104","25TO59CNT","F",1025,"N","","Population and Housing Census","","",""
"A",2020,"KI-104","25TO59CNT","M",982,"N","","Population and Housing Census","","",""
"A",2020,"KI-105","25TO59CNT","F",1417,"N","","Population and Housing Census","","",""
"A",2020,"KI-105","25TO59CNT","M",1283,"N","","Population and Housing Census","","",""
"A",2020,"KI-201","25TO59CNT","F",9499,"N","","Population and Housing Census","","",""
"A",2020,"KI-201","25TO59CNT","M",8240,"N","","Population and Housing Census","","",""
"A",2020,"KI-202","25TO59CNT","F",3951,"N","","Population and Housing Census","","",""
"A",2020,"KI-202","25TO59CNT","M",3636,"N","","Population and Housing Census","","",""
"A",2020,"KI-301","25TO59CNT","F",68,"N","","Population and Housing Census","","",""
"A",2020,"KI-301","25TO59CNT","M",63,"N","","Population and Housing Census","","",""
"A",2020,"KI-302","25TO59CNT","F",494,"N","","Population and Housing Census","","",""
"A",2020,"KI-302","25TO59CNT","M",498,"N","","Population and Housing Census","","",""
"A",2020,"KI-303","25TO59CNT","F",647,"N","","Population and Housing Census","","",""
"A",2020,"KI-303","25TO59CNT","M",615,"N","","Population and Housing Census","","",""
"A",2020,"KI-304","25TO59CNT","F",243,"N","","Population and Housing Census","","",""
"A",2020,"KI-304","25TO59CNT","M",231,"N","","Population and Housing Census","","",""
"A",2020,"KI-305","25TO59CNT","F",261,"N","","Population and Housing Census","","",""
"A",2020,"KI-305","25TO59CNT","M",264,"N","","Population and Housing Census","","",""
"A",2020,"KI-401","25TO59CNT","F",578,"N","","Population and Housing Census","","",""
"A",2020,"KI-401","25TO59CNT","M",530,"N","","Population and Housing Census","","",""
"A",2020,"KI-402","25TO59CNT","F",786,"N","","Population and Housing Census","","",""
"A",2020,"KI-402","25TO59CNT","M",733,"N","","Population and Housing Census","","",""
"A",2020,"KI-403","25TO59CNT","F",271,"N","","Population and Housing Census","","",""
"A",2020,"KI-403","25TO59CNT","M",277,"N","","Population and Housing Census","","",""
"A",2020,"KI-404","25TO59CNT","F",476,"N","","Population and Housing Census","","",""
"A",2020,"KI-404","25TO59CNT","M",473,"N","","Population and Housing Census","","",""
"A",2020,"KI-405","25TO59CNT","F",393,"N","","Population and Housing Census","","",""
"A",2020,"KI-405","25TO59CNT","M",398,"N","","Population and Housing Census","","",""
"A",2020,"KI-406","25TO59CNT","F",295,"N","","Population and Housing Census","","",""
"A",2020,"KI-406","25TO59CNT","M",296,"N","","Population and Housing Census","","",""
"A",2020,"KI-407","25TO59CNT","F",239,"N","","Population and Housing Census","","",""
"A",2020,"KI-407","25TO59CNT","M",211,"N","","Population and Housing Census","","",""
"A",2020,"KI-408","25TO59CNT","F",222,"N","","Population and Housing Census","","",""
"A",2020,"KI-408","25TO59CNT","M",218,"N","","Population and Housing Census","","",""
"A",2020,"KI-501","25TO59CNT","F",362,"N","","Population and Housing Census","","",""
"A",2020,"KI-501","25TO59CNT","M",378,"N","","Population and Housing Census","","",""
"A",2020,"KI-502","25TO59CNT","F",387,"N","","Population and Housing Census","","",""
"A",2020,"KI-502","25TO59CNT","M",409,"N","","Population and Housing Census","","",""
"A",2020,"KI-503","25TO59CNT","F",1503,"N","","Population and Housing Census","","",""
"A",2020,"KI-503","25TO59CNT","M",1638,"N","","Population and Housing Census","","",""
"A",2020,"KI-504","25TO59CNT","F",8,"N","","Population and Housing Census","","",""
"A",2020,"KI-504","25TO59CNT","M",9,"N","","Population and Housing Census","","",""
"A",2020,"KI-101","25TO59CNT","_T",702,"N","","Population and Housing Census","","",""
"A",2020,"KI-102","25TO59CNT","_T",1228,"N","","Population and Housing Census","","",""
"A",2020,"KI-103","25TO59CNT","_T",1042,"N","","Population and Housing Census","","",""
"A",2020,"KI-104","25TO59CNT","_T",2007,"N","","Population and Housing Census","","",""
"A",2020,"KI-105","25TO59CNT","_T",2700,"N","","Population and Housing Census","","",""
"A",2020,"KI-201","25TO59CNT","_T",17739,"N","","Population and Housing Census","","",""
"A",2020,"KI-202","25TO59CNT","_T",7587,"N","","Population and Housing Census","","",""
"A",2020,"KI-301","25TO59CNT","_T",131,"N","","Population and Housing Census","","",""
"A",2020,"KI-302","25TO59CNT","_T",992,"N","","Population and Housing Census","","",""
"A",2020,"KI-303","25TO59CNT","_T",1262,"N","","Population and Housing Census","","",""
"A",2020,"KI-304","25TO59CNT","_T",474,"N","","Population and Housing Census","","",""
"A",2020,"KI-305","25TO59CNT","_T",525,"N","","Population and Housing Census","","",""
"A",2020,"KI-401","25TO59CNT","_T",1108,"N","","Population and Housing Census","","",""
"A",2020,"KI-402","25TO59CNT","_T",1519,"N","","Population and Housing Census","","",""
"A",2020,"KI-403","25TO59CNT","_T",548,"N","","Population and Housing Census","","",""
"A",2020,"KI-404","25TO59CNT","_T",949,"N","","Population and Housing Census","","",""
"A",2020,"KI-405","25TO59CNT","_T",791,"N","","Population and Housing Census","","",""
"A",2020,"KI-406","25TO59CNT","_T",591,"N","","Population and Housing Census","","",""
"A",2020,"KI-407","25TO59CNT","_T",450,"N","","Population and Housing Census","","",""
"A",2020,"KI-408","25TO59CNT","_T",440,"N","","Population and Housing Census","","",""
"A",2020,"KI-501","25TO59CNT","_T",740,"N","","Population and Housing Census","","",""
"A",2020,"KI-502","25TO59CNT","_T",796,"N","","Population and Housing Census","","",""
"A",2020,"KI-503","25TO59CNT","_T",3141,"N","","Population and Housing Census","","",""
"A",2020,"KI-504","25TO59CNT","_T",17,"N","","Population and Housing Census","","",""
"A",2020,"KI","25TO59CNT","F",24668,"N","","Population and Housing Census","","",""
"A",2020,"KI","25TO59CNT","M",22811,"N","","Population and Housing Census","","",""
"A",2020,"KI","25TO59CNT","_T",47479,"N","","Population and Housing Census","","",""
"A",2020,"KI-1","60PLSCNT","F",779,"N","","Population and Housing Census","","",""
"A",2020,"KI-1","60PLSCNT","M",582,"N","","Population and Housing Census","","",""
"A",2020,"KI-2","60PLSCNT","F",2401,"N","","Population and Housing Census","","",""
"A",2020,"KI-2","60PLSCNT","M",1422,"N","","Population and Housing Census","","",""
"A",2020,"KI-3","60PLSCNT","F",330,"N","","Population and Housing Census","","",""
"A",2020,"KI-3","60PLSCNT","M",249,"N","","Population and Housing Census","","",""
"A",2020,"KI-4","60PLSCNT","F",711,"N","","Population and Housing Census","","",""
"A",2020,"KI-4","60PLSCNT","M",578,"N","","Population and Housing Census","","",""
"A",2020,"KI-5","60PLSCNT","F",333,"N","","Population and Housing Census","","",""
"A",2020,"KI-5","60PLSCNT","M",258,"N","","Population and Housing Census","","",""
"A",2020,"KI-1","60PLSCNT","_T",1361,"N","","Population and Housing Census","","",""
"A",2020,"KI-2","60PLSCNT","_T",3823,"N","","Population and Housing Census","","",""
"A",2020,"KI-3","60PLSCNT","_T",579,"N","","Population and Housing Census","","",""
"A",2020,"KI-4","60PLSCNT","_T",1289,"N","","Population and Housing Census","","",""
"A",2020,"KI-5","60PLSCNT","_T",591,"N","","Population and Housing Census","","",""
"A",2020,"KI-101","60PLSCNT","F",79,"N","","Population and Housing Census","","",""
"A",2020,"KI-101","60PLSCNT","M",59,"N","","Population and Housing Census","","",""
"A",2020,"KI-102","60PLSCNT","F",148,"N","","Population and Housing Census","","",""
"A",2020,"KI-102","60PLSCNT","M",96,"N","","Population and Housing Census","","",""
"A",2020,"KI-103","60PLSCNT","F",112,"N","","Population and Housing Census","","",""
"A",2020,"KI-103","60PLSCNT","M",80,"N","","Population and Housing Census","","",""
"A",2020,"KI-104","60PLSCNT","F",207,"N","","Population and Housing Census","","",""
"A",2020,"KI-104","60PLSCNT","M",178,"N","","Population and Housing Census","","",""
"A",2020,"KI-105","60PLSCNT","F",233,"N","","Population and Housing Census","","",""
"A",2020,"KI-105","60PLSCNT","M",169,"N","","Population and Housing Census","","",""
"A",2020,"KI-201","60PLSCNT","F",1746,"N","","Population and Housing Census","","",""
"A",2020,"KI-201","60PLSCNT","M",1032,"N","","Population and Housing Census","","",""
"A",2020,"KI-202","60PLSCNT","F",655,"N","","Population and Housing Census","","",""
"A",2020,"KI-202","60PLSCNT","M",390,"N","","Population and Housing Census","","",""
"A",2020,"KI-301","60PLSCNT","F",9,"N","","Population and Housing Census","","",""
"A",2020,"KI-301","60PLSCNT","M",14,"N","","Population and Housing Census","","",""
"A",2020,"KI-302","60PLSCNT","F",98,"N","","Population and Housing Census","","",""
"A",2020,"KI-302","60PLSCNT","M",64,"N","","Population and Housing Census","","",""
"A",2020,"KI-303","60PLSCNT","F",125,"N","","Population and Housing Census","","",""
"A",2020,"KI-303","60PLSCNT","M",101,"N","","Population and Housing Census","","",""
"A",2020,"KI-304","60PLSCNT","F",50,"N","","Population and Housing Census","","",""
"A",2020,"KI-304","60PLSCNT","M",31,"N","","Population and Housing Census","","",""
"A",2020,"KI-305","60PLSCNT","F",48,"N","","Population and Housing Census","","",""
"A",2020,"KI-305","60PLSCNT","M",39,"N","","Population and Housing Census","","",""
"A",2020,"KI-401","60PLSCNT","F",112,"N","","Population and Housing Census","","",""
"A",2020,"KI-401","60PLSCNT","M",100,"N","","Population and Housing Census","","",""
"A",2020,"KI-402","60PLSCNT","F",149,"N","","Population and Housing Census","","",""
"A",2020,"KI-402","60PLSCNT","M",114,"N","","Population and Housing Census","","",""
"A",2020,"KI-403","60PLSCNT","F",61,"N","","Population and Housing Census","","",""
"A",2020,"KI-403","60PLSCNT","M",45,"N","","Population and Housing Census","","",""
"A",2020,"KI-404","60PLSCNT","F",103,"N","","Population and Housing Census","","",""
"A",2020,"KI-404","60PLSCNT","M",91,"N","","Population and Housing Census","","",""
"A",2020,"KI-405","60PLSCNT","F",79,"N","","Population and Housing Census","","",""
"A",2020,"KI-405","60PLSCNT","M",76,"N","","Population and Housing Census","","",""
"A",2020,"KI-406","60PLSCNT","F",79,"N","","Population and Housing Census","","",""
"A",2020,"KI-406","60PLSCNT","M",57,"N","","Population and Housing Census","","",""
"A",2020,"KI-407","60PLSCNT","F",70,"N","","Population and Housing Census","","",""
"A",2020,"KI-407","60PLSCNT","M",56,"N","","Population and Housing Census","","",""
"A",2020,"KI-408","60PLSCNT","F",58,"N","","Population and Housing Census","","",""
"A",2020,"KI-408","60PLSCNT","M",39,"N","","Population and Housing Census","","",""
"A",2020,"KI-501","60PLSCNT","F",51,"N","","Population and Housing Census","","",""
"A",2020,"KI-501","60PLSCNT","M",42,"N","","Population and Housing Census","","",""
"A",2020,"KI-502","60PLSCNT","F",64,"N","","Population and Housing Census","","",""
"A",2020,"KI-502","60PLSCNT","M",52,"N","","Population and Housing Census","","",""
"A",2020,"KI-503","60PLSCNT","F",218,"N","","Population and Housing Census","","",""
"A",2020,"KI-503","60PLSCNT","M",164,"N","","Population and Housing Census","","",""
"A",2020,"KI-101","60PLSCNT","_T",138,"N","","Population and Housing Census","","",""
"A",2020,"KI-102","60PLSCNT","_T",244,"N","","Population and Housing Census","","",""
"A",2020,"KI-103","60PLSCNT","_T",192,"N","","Population and Housing Census","","",""
"A",2020,"KI-104","60PLSCNT","_T",385,"N","","Population and Housing Census","","",""
"A",2020,"KI-105","60PLSCNT","_T",402,"N","","Population and Housing Census","","",""
"A",2020,"KI-201","60PLSCNT","_T",2778,"N","","Population and Housing Census","","",""
"A",2020,"KI-202","60PLSCNT","_T",1045,"N","","Population and Housing Census","","",""
"A",2020,"KI-301","60PLSCNT","_T",23,"N","","Population and Housing Census","","",""
"A",2020,"KI-302","60PLSCNT","_T",162,"N","","Population and Housing Census","","",""
"A",2020,"KI-303","60PLSCNT","_T",226,"N","","Population and Housing Census","","",""
"A",2020,"KI-304","60PLSCNT","_T",81,"N","","Population and Housing Census","","",""
"A",2020,"KI-305","60PLSCNT","_T",87,"N","","Population and Housing Census","","",""
"A",2020,"KI-401","60PLSCNT","_T",212,"N","","Population and Housing Census","","",""
"A",2020,"KI-402","60PLSCNT","_T",263,"N","","Population and Housing Census","","",""
"A",2020,"KI-403","60PLSCNT","_T",106,"N","","Population and Housing Census","","",""
"A",2020,"KI-404","60PLSCNT","_T",194,"N","","Population and Housing Census","","",""
"A",2020,"KI-405","60PLSCNT","_T",155,"N","","Population and Housing Census","","",""
"A",2020,"KI-406","60PLSCNT","_T",136,"N","","Population and Housing Census","","",""
"A",2020,"KI-407","60PLSCNT","_T",126,"N","","Population and Housing Census","","",""
"A",2020,"KI-408","60PLSCNT","_T",97,"N","","Population and Housing Census","","",""
"A",2020,"KI-501","60PLSCNT","_T",93,"N","","Population and Housing Census","","",""
"A",2020,"KI-502","60PLSCNT","_T",116,"N","","Population and Housing Census","","",""
"A",2020,"KI-503","60PLSCNT","_T",382,"N","","Population and Housing Census","","",""
"A",2020,"KI","60PLSCNT","F",4554,"N","","Population and Housing Census","","",""
"A",2020,"KI","60PLSCNT","M",3089,"N","","Population and Housing Census","","",""
"A",2020,"KI","60PLSCNT","_T",7643,"N","","Population and Housing Census","","",""
"A",2020,"KI-1","HHCNT","F",726,"N","","Population and Housing Census","","",""
"A",2020,"KI-1","HHCNT","M",3213,"N","","Population and Housing Census","","",""
"A",2020,"KI-2","HHCNT","F",3171,"N","","Population and Housing Census","","",""
"A",2020,"KI-2","HHCNT","M",6273,"N","","Population and Housing Census","","",""
"A",2020,"KI-3","HHCNT","F",354,"N","","Population and Housing Census","","",""
"A",2020,"KI-3","HHCNT","M",1363,"N","","Population and Housing Census","","",""
"A",2020,"KI-4","HHCNT","F",775,"N","","Population and Housing Census","","",""
"A",2020,"KI-4","HHCNT","M",2552,"N","","Population and Housing Census","","",""
"A",2020,"KI-5","HHCNT","F",372,"N","","Population and Housing Census","","",""
"A",2020,"KI-5","HHCNT","M",1555,"N","","Population and Housing Census","","",""
"A",2020,"KI-1","HHCNT","_T",3939,"N","","Population and Housing Census","","",""
"A",2020,"KI-2","HHCNT","_T",9444,"N","","Population and Housing Census","","",""
"A",2020,"KI-3","HHCNT","_T",1717,"N","","Population and Housing Census","","",""
"A",2020,"KI-4","HHCNT","_T",3327,"N","","Population and Housing Census","","",""
"A",2020,"KI-5","HHCNT","_T",1927,"N","","Population and Housing Census","","",""
"A",2020,"KI-101","HHCNT","F",61,"N","","Population and Housing Census","","",""
"A",2020,"KI-101","HHCNT","M",310,"N","","Population and Housing Census","","",""
"A",2020,"KI-102","HHCNT","F",125,"N","","Population and Housing Census","","",""
"A",2020,"KI-102","HHCNT","M",493,"N","","Population and Housing Census","","",""
"A",2020,"KI-103","HHCNT","F",126,"N","","Population and Housing Census","","",""
"A",2020,"KI-103","HHCNT","M",449,"N","","Population and Housing Census","","",""
"A",2020,"KI-104","HHCNT","F",190,"N","","Population and Housing Census","","",""
"A",2020,"KI-104","HHCNT","M",875,"N","","Population and Housing Census","","",""
"A",2020,"KI-105","HHCNT","F",224,"N","","Population and Housing Census","","",""
"A",2020,"KI-105","HHCNT","M",1086,"N","","Population and Housing Census","","",""
"A",2020,"KI-201","HHCNT","F",2162,"N","","Population and Housing Census","","",""
"A",2020,"KI-201","HHCNT","M",4663,"N","","Population and Housing Census","","",""
"A",2020,"KI-202","HHCNT","F",1009,"N","","Population and Housing Census","","",""
"A",2020,"KI-202","HHCNT","M",1610,"N","","Population and Housing Census","","",""
"A",2020,"KI-301","HHCNT","F",11,"N","","Population and Housing Census","","",""
"A",2020,"KI-301","HHCNT","M",74,"N","","Population and Housing Census","","",""
"A",2020,"KI-302","HHCNT","F",64,"N","","Population and Housing Census","","",""
"A",2020,"KI-302","HHCNT","M",385,"N","","Population and Housing Census","","",""
"A",2020,"KI-303","HHCNT","F",155,"N","","Population and Housing Census","","",""
"A",2020,"KI-303","HHCNT","M",519,"N","","Population and Housing Census","","",""
"A",2020,"KI-304","HHCNT","F",68,"N","","Population and Housing Census","","",""
"A",2020,"KI-304","HHCNT","M",182,"N","","Population and Housing Census","","",""
"A",2020,"KI-305","HHCNT","F",56,"N","","Population and Housing Census","","",""
"A",2020,"KI-305","HHCNT","M",203,"N","","Population and Housing Census","","",""
"A",2020,"KI-401","HHCNT","F",143,"N","","Population and Housing Census","","",""
"A",2020,"KI-401","HHCNT","M",468,"N","","Population and Housing Census","","",""
"A",2020,"KI-402","HHCNT","F",200,"N","","Population and Housing Census","","",""
"A",2020,"KI-402","HHCNT","M",553,"N","","Population and Housing Census","","",""
"A",2020,"KI-403","HHCNT","F",56,"N","","Population and Housing Census","","",""
"A",2020,"KI-403","HHCNT","M",223,"N","","Population and Housing Census","","",""
"A",2020,"KI-404","HHCNT","F",106,"N","","Population and Housing Census","","",""
"A",2020,"KI-404","HHCNT","M",427,"N","","Population and Housing Census","","",""
"A",2020,"KI-405","HHCNT","F",90,"N","","Population and Housing Census","","",""
"A",2020,"KI-405","HHCNT","M",333,"N","","Population and Housing Census","","",""
"A",2020,"KI-406","HHCNT","F",88,"N","","Population and Housing Census","","",""
"A",2020,"KI-406","HHCNT","M",238,"N","","Population and Housing Census","","",""
"A",2020,"KI-407","HHCNT","F",39,"N","","Population and Housing Census","","",""
"A",2020,"KI-407","HHCNT","M",153,"N","","Population and Housing Census","","",""
"A",2020,"KI-408","HHCNT","F",53,"N","","Population and Housing Census","","",""
"A",2020,"KI-408","HHCNT","M",157,"N","","Population and Housing Census","","",""
"A",2020,"KI-501","HHCNT","F",72,"N","","Population and Housing Census","","",""
"A",2020,"KI-501","HHCNT","M",240,"N","","Population and Housing Census","","",""
"A",2020,"KI-502","HHCNT","F",50,"N","","Population and Housing Census","","",""
"A",2020,"KI-502","HHCNT","M",348,"N","","Population and Housing Census","","",""
"A",2020,"KI-503","HHCNT","F",247,"N","","Population and Housing Census","","",""
"A",2020,"KI-503","HHCNT","M",961,"N","","Population and Housing Census","","",""
"A",2020,"KI-504","HHCNT","F",3,"N","","Population and Housing Census","","",""
"A",2020,"KI-504","HHCNT","M",6,"N","","Population and Housing Census","","",""
"A",2020,"KI-101","HHCNT","_T",371,"N","","Population and Housing Census","","",""
"A",2020,"KI-102","HHCNT","_T",618,"N","","Population and Housing Census","","",""
"A",2020,"KI-103","HHCNT","_T",575,"N","","Population and Housing Census","","",""
"A",2020,"KI-104","HHCNT","_T",1065,"N","","Population and Housing Census","","",""
"A",2020,"KI-105","HHCNT","_T",1310,"N","","Population and Housing Census","","",""
"A",2020,"KI-201","HHCNT","_T",6825,"N","","Population and Housing Census","","",""
"A",2020,"KI-202","HHCNT","_T",2619,"N","","Population and Housing Census","","",""
"A",2020,"KI-301","HHCNT","_T",85,"N","","Population and Housing Census","","",""
"A",2020,"KI-302","HHCNT","_T",449,"N","","Population and Housing Census","","",""
"A",2020,"KI-303","HHCNT","_T",674,"N","","Population and Housing Census","","",""
"A",2020,"KI-304","HHCNT","_T",250,"N","","Population and Housing Census","","",""
"A",2020,"KI-305","HHCNT","_T",259,"N","","Population and Housing Census","","",""
"A",2020,"KI-401","HHCNT","_T",611,"N","","Population and Housing Census","","",""
"A",2020,"KI-402","HHCNT","_T",753,"N","","Population and Housing Census","","",""
"A",2020,"KI-403","HHCNT","_T",279,"N","","Population and Housing Census","","",""
"A",2020,"KI-404","HHCNT","_T",533,"N","","Population and Housing Census","","",""
"A",2020,"KI-405","HHCNT","_T",423,"N","","Population and Housing Census","","",""
"A",2020,"KI-406","HHCNT","_T",326,"N","","Population and Housing Census","","",""
"A",2020,"KI-407","HHCNT","_T",192,"N","","Population and Housing Census","","",""
"A",2020,"KI-408","HHCNT","_T",210,"N","","Population and Housing Census","","",""
"A",2020,"KI-501","HHCNT","_T",312,"N","","Population and Housing Census","","",""
"A",2020,"KI-502","HHCNT","_T",398,"N","","Population and Housing Census","","",""
"A",2020,"KI-503","HHCNT","_T",1208,"N","","Population and Housing Census","","",""
"A",2020,"KI-504","HHCNT","_T",9,"N","","Population and Housing Census","","",""
"A",2020,"KI","HHCNT","F",5398,"N","","Population and Housing Census","","",""
"A",2020,"KI","HHCNT","M",14956,"N","","Population and Housing Census","","",""
"A",2020,"KI","HHCNT","_T",20354,"N","","Population and Housing Census","","",""
"A",2020,"KI-1","EMPCNT","F",1108,"N","","Population and Housing Census","","",""
"A",2020,"KI-1","EMPCNT","M",1932,"N","","Population and Housing Census","","",""
"A",2020,"KI-2","EMPCNT","F",6074,"N","","Population and Housing Census","","",""
"A",2020,"KI-2","EMPCNT","M",7276,"N","","Population and Housing Census","","",""
"A",2020,"KI-3","EMPCNT","F",684,"N","","Population and Housing Census","","",""
"A",2020,"KI-3","EMPCNT","M",1416,"N","","Population and Housing Census","","",""
"A",2020,"KI-4","EMPCNT","F",1298,"N","","Population and Housing Census","","",""
"A",2020,"KI-4","EMPCNT","M",2394,"N","","Population and Housing Census","","",""
"A",2020,"KI-5","EMPCNT","F",927,"N","","Population and Housing Census","","",""
"A",2020,"KI-5","EMPCNT","M",1981,"N","","Population and Housing Census","","",""
"A",2020,"KI-1","EMPCNT","_T",3040,"N","","Population and Housing Census","","",""
"A",2020,"KI-2","EMPCNT","_T",13350,"N","","Population and Housing Census","","",""
"A",2020,"KI-3","EMPCNT","_T",2100,"N","","Population and Housing Census","","",""
"A",2020,"KI-4","EMPCNT","_T",3692,"N","","Population and Housing Census","","",""
"A",2020,"KI-5","EMPCNT","_T",2908,"N","","Population and Housing Census","","",""
"A",2020,"KI-101","EMPCNT","F",80,"N","","Population and Housing Census","","",""
"A",2020,"KI-101","EMPCNT","M",80,"N","","Population and Housing Census","","",""
"A",2020,"KI-102","EMPCNT","F",157,"N","","Population and Housing Census","","",""
"A",2020,"KI-102","EMPCNT","M",508,"N","","Population and Housing Census","","",""
"A",2020,"KI-103","EMPCNT","F",124,"N","","Population and Housing Census","","",""
"A",2020,"KI-103","EMPCNT","M",143,"N","","Population and Housing Census","","",""
"A",2020,"KI-104","EMPCNT","F",318,"N","","Population and Housing Census","","",""
"A",2020,"KI-104","EMPCNT","M",536,"N","","Population and Housing Census","","",""
"A",2020,"KI-105","EMPCNT","F",429,"N","","Population and Housing Census","","",""
"A",2020,"KI-105","EMPCNT","M",665,"N","","Population and Housing Census","","",""
"A",2020,"KI-201","EMPCNT","F",4297,"N","","Population and Housing Census","","",""
"A",2020,"KI-201","EMPCNT","M",4970,"N","","Population and Housing Census","","",""
"A",2020,"KI-202","EMPCNT","F",1777,"N","","Population and Housing Census","","",""
"A",2020,"KI-202","EMPCNT","M",2306,"N","","Population and Housing Census","","",""
"A",2020,"KI-301","EMPCNT","F",29,"N","","Population and Housing Census","","",""
"A",2020,"KI-301","EMPCNT","M",52,"N","","Population and Housing Census","","",""
"A",2020,"KI-302","EMPCNT","F",245,"N","","Population and Housing Census","","",""
"A",2020,"KI-302","EMPCNT","M",480,"N","","Population and Housing Census","","",""
"A",2020,"KI-303","EMPCNT","F",229,"N","","Population and Housing Census","","",""
"A",2020,"KI-303","EMPCNT","M",535,"N","","Population and Housing Census","","",""
"A",2020,"KI-304","EMPCNT","F",78,"N","","Population and Housing Census","","",""
"A",2020,"KI-304","EMPCNT","M",159,"N","","Population and Housing Census","","",""
"A",2020,"KI-305","EMPCNT","F",103,"N","","Population and Housing Census","","",""
"A",2020,"KI-305","EMPCNT","M",190,"N","","Population and Housing Census","","",""
"A",2020,"KI-401","EMPCNT","F",307,"N","","Population and Housing Census","","",""
"A",2020,"KI-401","EMPCNT","M",614,"N","","Population and Housing Census","","",""
"A",2020,"KI-402","EMPCNT","F",271,"N","","Population and Housing Census","","",""
"A",2020,"KI-402","EMPCNT","M",389,"N","","Population and Housing Census","","",""
"A",2020,"KI-403","EMPCNT","F",210,"N","","Population and Housing Census","","",""
"A",2020,"KI-403","EMPCNT","M",356,"N","","Population and Housing Census","","",""
"A",2020,"KI-404","EMPCNT","F",119,"N","","Population and Housing Census","","",""
"A",2020,"KI-404","EMPCNT","M",177,"N","","Population and Housing Census","","",""
"A",2020,"KI-405","EMPCNT","F",187,"N","","Population and Housing Census","","",""
"A",2020,"KI-405","EMPCNT","M",527,"N","","Population and Housing Census","","",""
"A",2020,"KI-406","EMPCNT","F",82,"N","","Population and Housing Census","","",""
"A",2020,"KI-406","EMPCNT","M",96,"N","","Population and Housing Census","","",""
"A",2020,"KI-407","EMPCNT","F",44,"N","","Population and Housing Census","","",""
"A",2020,"KI-407","EMPCNT","M",57,"N","","Population and Housing Census","","",""
"A",2020,"KI-408","EMPCNT","F",78,"N","","Population and Housing Census","","",""
"A",2020,"KI-408","EMPCNT","M",178,"N","","Population and Housing Census","","",""
"A",2020,"KI-501","EMPCNT","F",152,"N","","Population and Housing Census","","",""
"A",2020,"KI-501","EMPCNT","M",388,"N","","Population and Housing Census","","",""
"A",2020,"KI-502","EMPCNT","F",173,"N","","Population and Housing Census","","",""
"A",2020,"KI-502","EMPCNT","M",509,"N","","Population and Housing Census","","",""
"A",2020,"KI-503","EMPCNT","F",599,"N","","Population and Housing Census","","",""
"A",2020,"KI-503","EMPCNT","M",1077,"N","","Population and Housing Census","","",""
"A",2020,"KI-504","EMPCNT","F",3,"N","","Population and Housing Census","","",""
"A",2020,"KI-504","EMPCNT","M",7,"N","","Population and Housing Census","","",""
"A",2020,"KI-101","EMPCNT","_T",160,"N","","Population and Housing Census","","",""
"A",2020,"KI-102","EMPCNT","_T",665,"N","","Population and Housing Census","","",""
"A",2020,"KI-103","EMPCNT","_T",267,"N","","Population and Housing Census","","",""
"A",2020,"KI-104","EMPCNT","_T",854,"N","","Population and Housing Census","","",""
"A",2020,"KI-105","EMPCNT","_T",1094,"N","","Population and Housing Census","","",""
"A",2020,"KI-201","EMPCNT","_T",9267,"N","","Population and Housing Census","","",""
"A",2020,"KI-202","EMPCNT","_T",4083,"N","","Population and Housing Census","","",""
"A",2020,"KI-301","EMPCNT","_T",81,"N","","Population and Housing Census","","",""
"A",2020,"KI-302","EMPCNT","_T",725,"N","","Population and Housing Census","","",""
"A",2020,"KI-303","EMPCNT","_T",764,"N","","Population and Housing Census","","",""
"A",2020,"KI-304","EMPCNT","_T",237,"N","","Population and Housing Census","","",""
"A",2020,"KI-305","EMPCNT","_T",293,"N","","Population and Housing Census","","",""
"A",2020,"KI-401","EMPCNT","_T",921,"N","","Population and Housing Census","","",""
"A",2020,"KI-402","EMPCNT","_T",660,"N","","Population and Housing Census","","",""
"A",2020,"KI-403","EMPCNT","_T",566,"N","","Population and Housing Census","","",""
"A",2020,"KI-404","EMPCNT","_T",296,"N","","Population and Housing Census","","",""
"A",2020,"KI-405","EMPCNT","_T",714,"N","","Population and Housing Census","","",""
"A",2020,"KI-406","EMPCNT","_T",178,"N","","Population and Housing Census","","",""
"A",2020,"KI-407","EMPCNT","_T",101,"N","","Population and Housing Census","","",""
"A",2020,"KI-408","EMPCNT","_T",256,"N","","Population and Housing Census","","",""
"A",2020,"KI-501","EMPCNT","_T",540,"N","","Population and Housing Census","","",""
"A",2020,"KI-502","EMPCNT","_T",682,"N","","Population and Housing Census","","",""
"A",2020,"KI-503","EMPCNT","_T",1676,"N","","Population and Housing Census","","",""
"A",2020,"KI-504","EMPCNT","_T",10,"N","","Population and Housing Census","","",""
"A",2020,"KI","EMPCNT","F",10091,"N","","Population and Housing Census","","",""
"A",2020,"KI","EMPCNT","M",14999,"N","","Population and Housing Census","","",""
"A",2020,"KI","EMPCNT","_T",25090,"N","","Population and Housing Census","","",""
"A",2020,"KI-1","SUBEMPCNT","F",124,"N","","Population and Housing Census","","",""
"A",2020,"KI-1","SUBEMPCNT","M",862,"N","","Population and Housing Census","","",""
"A",2020,"KI-2","SUBEMPCNT","F",96,"N","","Population and Housing Census","","",""
"A",2020,"KI-2","SUBEMPCNT","M",339,"N","","Population and Housing Census","","",""
"A",2020,"KI-3","SUBEMPCNT","F",152,"N","","Population and Housing Census","","",""
"A",2020,"KI-3","SUBEMPCNT","M",915,"N","","Population and Housing Census","","",""
"A",2020,"KI-4","SUBEMPCNT","F",262,"N","","Population and Housing Census","","",""
"A",2020,"KI-4","SUBEMPCNT","M",1367,"N","","Population and Housing Census","","",""
"A",2020,"KI-5","SUBEMPCNT","F",166,"N","","Population and Housing Census","","",""
"A",2020,"KI-5","SUBEMPCNT","M",1024,"N","","Population and Housing Census","","",""
"A",2020,"KI-1","SUBEMPCNT","_T",986,"N","","Population and Housing Census","","",""
"A",2020,"KI-2","SUBEMPCNT","_T",435,"N","","Population and Housing Census","","",""
"A",2020,"KI-3","SUBEMPCNT","_T",1067,"N","","Population and Housing Census","","",""
"A",2020,"KI-4","SUBEMPCNT","_T",1629,"N","","Population and Housing Census","","",""
"A",2020,"KI-5","SUBEMPCNT","_T",1190,"N","","Population and Housing Census","","",""
"A",2020,"KI-101","SUBEMPCNT","M",7,"N","","Population and Housing Census","","",""
"A",2020,"KI-102","SUBEMPCNT","F",31,"N","","Population and Housing Census","","",""
"A",2020,"KI-102","SUBEMPCNT","M",348,"N","","Population and Housing Census","","",""
"A",2020,"KI-103","SUBEMPCNT","F",14,"N","","Population and Housing Census","","",""
"A",2020,"KI-103","SUBEMPCNT","M",44,"N","","Population and Housing Census","","",""
"A",2020,"KI-104","SUBEMPCNT","F",22,"N","","Population and Housing Census","","",""
"A",2020,"KI-104","SUBEMPCNT","M",261,"N","","Population and Housing Census","","",""
"A",2020,"KI-105","SUBEMPCNT","F",57,"N","","Population and Housing Census","","",""
"A",2020,"KI-105","SUBEMPCNT","M",202,"N","","Population and Housing Census","","",""
"A",2020,"KI-201","SUBEMPCNT","F",91,"N","","Population and Housing Census","","",""
"A",2020,"KI-201","SUBEMPCNT","M",262,"N","","Population and Housing Census","","",""
"A",2020,"KI-202","SUBEMPCNT","F",5,"N","","Population and Housing Census","","",""
"A",2020,"KI-202","SUBEMPCNT","M",77,"N","","Population and Housing Census","","",""
"A",2020,"KI-301","SUBEMPCNT","F",1,"N","","Population and Housing Census","","",""
"A",2020,"KI-301","SUBEMPCNT","M",13,"N","","Population and Housing Census","","",""
"A",2020,"KI-302","SUBEMPCNT","F",42,"N","","Population and Housing Census","","",""
"A",2020,"KI-302","SUBEMPCNT","M",318,"N","","Population and Housing Census","","",""
"A",2020,"KI-303","SUBEMPCNT","F",63,"N","","Population and Housing Census","","",""
"A",2020,"KI-303","SUBEMPCNT","M",348,"N","","Population and Housing Census","","",""
"A",2020,"KI-304","SUBEMPCNT","F",7,"N","","Population and Housing Census","","",""
"A",2020,"KI-304","SUBEMPCNT","M",97,"N","","Population and Housing Census","","",""
"A",2020,"KI-305","SUBEMPCNT","F",39,"N","","Population and Housing Census","","",""
"A",2020,"KI-305","SUBEMPCNT","M",139,"N","","Population and Housing Census","","",""
"A",2020,"KI-401","SUBEMPCNT","F",114,"N","","Population and Housing Census","","",""
"A",2020,"KI-401","SUBEMPCNT","M",415,"N","","Population and Housing Census","","",""
"A",2020,"KI-402","SUBEMPCNT","F",16,"N","","Population and Housing Census","","",""
"A",2020,"KI-402","SUBEMPCNT","M",132,"N","","Population and Housing Census","","",""
"A",2020,"KI-403","SUBEMPCNT","F",88,"N","","Population and Housing Census","","",""
"A",2020,"KI-403","SUBEMPCNT","M",258,"N","","Population and Housing Census","","",""
"A",2020,"KI-404","SUBEMPCNT","M",46,"N","","Population and Housing Census","","",""
"A",2020,"KI-405","SUBEMPCNT","F",33,"N","","Population and Housing Census","","",""
"A",2020,"KI-405","SUBEMPCNT","M",411,"N","","Population and Housing Census","","",""
"A",2020,"KI-406","SUBEMPCNT","F",2,"N","","Population and Housing Census","","",""
"A",2020,"KI-406","SUBEMPCNT","M",32,"N","","Population and Housing Census","","",""
"A",2020,"KI-407","SUBEMPCNT","M",4,"N","","Population and Housing Census","","",""
"A",2020,"KI-408","SUBEMPCNT","F",9,"N","","Population and Housing Census","","",""
"A",2020,"KI-408","SUBEMPCNT","M",69,"N","","Population and Housing Census","","",""
"A",2020,"KI-501","SUBEMPCNT","F",68,"N","","Population and Housing Census","","",""
"A",2020,"KI-501","SUBEMPCNT","M",319,"N","","Population and Housing Census","","",""
"A",2020,"KI-502","SUBEMPCNT","F",69,"N","","Population and Housing Census","","",""
"A",2020,"KI-502","SUBEMPCNT","M",399,"N","","Population and Housing Census","","",""
"A",2020,"KI-503","SUBEMPCNT","F",29,"N","","Population and Housing Census","","",""
"A",2020,"KI-503","SUBEMPCNT","M",306,"N","","Population and Housing Census","","",""
"A",2020,"KI-101","SUBEMPCNT","_T",7,"N","","Population and Housing Census","","",""
"A",2020,"KI-102","SUBEMPCNT","_T",379,"N","","Population and Housing Census","","",""
"A",2020,"KI-103","SUBEMPCNT","_T",58,"N","","Population and Housing Census","","",""
"A",2020,"KI-104","SUBEMPCNT","_T",283,"N","","Population and Housing Census","","",""
"A",2020,"KI-105","SUBEMPCNT","_T",259,"N","","Population and Housing Census","","",""
"A",2020,"KI-201","SUBEMPCNT","_T",353,"N","","Population and Housing Census","","",""
"A",2020,"KI-202","SUBEMPCNT","_T",82,"N","","Population and Housing Census","","",""
"A",2020,"KI-301","SUBEMPCNT","_T",14,"N","","Population and Housing Census","","",""
"A",2020,"KI-302","SUBEMPCNT","_T",360,"N","","Population and Housing Census","","",""
"A",2020,"KI-303","SUBEMPCNT","_T",411,"N","","Population and Housing Census","","",""
"A",2020,"KI-304","SUBEMPCNT","_T",104,"N","","Population and Housing Census","","",""
"A",2020,"KI-305","SUBEMPCNT","_T",178,"N","","Population and Housing Census","","",""
"A",2020,"KI-401","SUBEMPCNT","_T",529,"N","","Population and Housing Census","","",""
"A",2020,"KI-402","SUBEMPCNT","_T",148,"N","","Population and Housing Census","","",""
"A",2020,"KI-403","SUBEMPCNT","_T",346,"N","","Population and Housing Census","","",""
"A",2020,"KI-404","SUBEMPCNT","_T",46,"N","","Population and Housing Census","","",""
"A",2020,"KI-405","SUBEMPCNT","_T",444,"N","","Population and Housing Census","","",""
"A",2020,"KI-406","SUBEMPCNT","_T",34,"N","","Population and Housing Census","","",""
"A",2020,"KI-407","SUBEMPCNT","_T",4,"N","","Population and Housing Census","","",""
"A",2020,"KI-408","SUBEMPCNT","_T",78,"N","","Population and Housing Census","","",""
"A",2020,"KI-501","SUBEMPCNT","_T",387,"N","","Population and Housing Census","","",""
"A",2020,"KI-502","SUBEMPCNT","_T",468,"N","","Population and Housing Census","","",""
"A",2020,"KI-503","SUBEMPCNT","_T",335,"N","","Population and Housing Census","","",""
"A",2020,"KI","SUBEMPCNT","M",4507,"N","","Population and Housing Census","","",""
"A",2020,"KI","SUBEMPCNT","F",800,"N","","Population and Housing Census","","",""
"A",2020,"KI","SUBEMPCNT","_T",5307,"N","","Population and Housing Census","","",""
"A",2020,"KI-1","UNEMPCNT","F",103,"N","","Population and Housing Census","","",""
"A",2020,"KI-1","UNEMPCNT","M",127,"N","","Population and Housing Census","","",""
"A",2020,"KI-2","UNEMPCNT","F",795,"N","","Population and Housing Census","","",""
"A",2020,"KI-2","UNEMPCNT","M",1281,"N","","Population and Housing Census","","",""
"A",2020,"KI-3","UNEMPCNT","F",22,"N","","Population and Housing Census","","",""
"A",2020,"KI-3","UNEMPCNT","M",27,"N","","Population and Housing Census","","",""
"A",2020,"KI-4","UNEMPCNT","F",54,"N","","Population and Housing Census","","",""
"A",2020,"KI-4","UNEMPCNT","M",50,"N","","Population and Housing Census","","",""
"A",2020,"KI-5","UNEMPCNT","F",108,"N","","Population and Housing Census","","",""
"A",2020,"KI-5","UNEMPCNT","M",163,"N","","Population and Housing Census","","",""
"A",2020,"KI-1","UNEMPCNT","_T",230,"N","","Population and Housing Census","","",""
"A",2020,"KI-2","UNEMPCNT","_T",2076,"N","","Population and Housing Census","","",""
"A",2020,"KI-3","UNEMPCNT","_T",49,"N","","Population and Housing Census","","",""
"A",2020,"KI-4","UNEMPCNT","_T",104,"N","","Population and Housing Census","","",""
"A",2020,"KI-5","UNEMPCNT","_T",271,"N","","Population and Housing Census","","",""
"A",2020,"KI-101","UNEMPCNT","F",1,"N","","Population and Housing Census","","",""
"A",2020,"KI-101","UNEMPCNT","M",3,"N","","Population and Housing Census","","",""
"A",2020,"KI-102","UNEMPCNT","F",11,"N","","Population and Housing Census","","",""
"A",2020,"KI-102","UNEMPCNT","M",25,"N","","Population and Housing Census","","",""
"A",2020,"KI-103","UNEMPCNT","F",13,"N","","Population and Housing Census","","",""
"A",2020,"KI-103","UNEMPCNT","M",6,"N","","Population and Housing Census","","",""
"A",2020,"KI-104","UNEMPCNT","F",44,"N","","Population and Housing Census","","",""
"A",2020,"KI-104","UNEMPCNT","M",41,"N","","Population and Housing Census","","",""
"A",2020,"KI-105","UNEMPCNT","F",34,"N","","Population and Housing Census","","",""
"A",2020,"KI-105","UNEMPCNT","M",52,"N","","Population and Housing Census","","",""
"A",2020,"KI-201","UNEMPCNT","F",580,"N","","Population and Housing Census","","",""
"A",2020,"KI-201","UNEMPCNT","M",865,"N","","Population and Housing Census","","",""
"A",2020,"KI-202","UNEMPCNT","F",215,"N","","Population and Housing Census","","",""
"A",2020,"KI-202","UNEMPCNT","M",416,"N","","Population and Housing Census","","",""
"A",2020,"KI-301","UNEMPCNT","F",2,"N","","Population and Housing Census","","",""
"A",2020,"KI-301","UNEMPCNT","M",5,"N","","Population and Housing Census","","",""
"A",2020,"KI-302","UNEMPCNT","F",10,"N","","Population and Housing Census","","",""
"A",2020,"KI-302","UNEMPCNT","M",11,"N","","Population and Housing Census","","",""
"A",2020,"KI-303","UNEMPCNT","F",5,"N","","Population and Housing Census","","",""
"A",2020,"KI-303","UNEMPCNT","M",8,"N","","Population and Housing Census","","",""
"A",2020,"KI-304","UNEMPCNT","F",3,"N","","Population and Housing Census","","",""
"A",2020,"KI-304","UNEMPCNT","M",3,"N","","Population and Housing Census","","",""
"A",2020,"KI-305","UNEMPCNT","F",2,"N","","Population and Housing Census","","",""
"A",2020,"KI-401","UNEMPCNT","F",1,"N","","Population and Housing Census","","",""
"A",2020,"KI-402","UNEMPCNT","F",9,"N","","Population and Housing Census","","",""
"A",2020,"KI-402","UNEMPCNT","M",13,"N","","Population and Housing Census","","",""
"A",2020,"KI-403","UNEMPCNT","F",9,"N","","Population and Housing Census","","",""
"A",2020,"KI-403","UNEMPCNT","M",2,"N","","Population and Housing Census","","",""
"A",2020,"KI-404","UNEMPCNT","F",31,"N","","Population and Housing Census","","",""
"A",2020,"KI-404","UNEMPCNT","M",32,"N","","Population and Housing Census","","",""
"A",2020,"KI-405","UNEMPCNT","F",3,"N","","Population and Housing Census","","",""
"A",2020,"KI-405","UNEMPCNT","M",1,"N","","Population and Housing Census","","",""
"A",2020,"KI-406","UNEMPCNT","M",2,"N","","Population and Housing Census","","",""
"A",2020,"KI-408","UNEMPCNT","F",1,"N","","Population and Housing Census","","",""
"A",2020,"KI-501","UNEMPCNT","F",2,"N","","Population and Housing Census","","",""
"A",2020,"KI-502","UNEMPCNT","F",14,"N","","Population and Housing Census","","",""
"A",2020,"KI-502","UNEMPCNT","M",9,"N","","Population and Housing Census","","",""
"A",2020,"KI-503","UNEMPCNT","F",92,"N","","Population and Housing Census","","",""
"A",2020,"KI-503","UNEMPCNT","M",154,"N","","Population and Housing Census","","",""
"A",2020,"KI-101","UNEMPCNT","_T",4,"N","","Population and Housing Census","","",""
"A",2020,"KI-102","UNEMPCNT","_T",36,"N","","Population and Housing Census","","",""
"A",2020,"KI-103","UNEMPCNT","_T",19,"N","","Population and Housing Census","","",""
"A",2020,"KI-104","UNEMPCNT","_T",85,"N","","Population and Housing Census","","",""
"A",2020,"KI-105","UNEMPCNT","_T",86,"N","","Population and Housing Census","","",""
"A",2020,"KI-201","UNEMPCNT","_T",1445,"N","","Population and Housing Census","","",""
"A",2020,"KI-202","UNEMPCNT","_T",631,"N","","Population and Housing Census","","",""
"A",2020,"KI-301","UNEMPCNT","_T",7,"N","","Population and Housing Census","","",""
"A",2020,"KI-302","UNEMPCNT","_T",21,"N","","Population and Housing Census","","",""
"A",2020,"KI-303","UNEMPCNT","_T",13,"N","","Population and Housing Census","","",""
"A",2020,"KI-304","UNEMPCNT","_T",6,"N","","Population and Housing Census","","",""
"A",2020,"KI-305","UNEMPCNT","_T",2,"N","","Population and Housing Census","","",""
"A",2020,"KI-401","UNEMPCNT","_T",1,"N","","Population and Housing Census","","",""
"A",2020,"KI-402","UNEMPCNT","_T",22,"N","","Population and Housing Census","","",""
"A",2020,"KI-403","UNEMPCNT","_T",11,"N","","Population and Housing Census","","",""
"A",2020,"KI-404","UNEMPCNT","_T",63,"N","","Population and Housing Census","","",""
"A",2020,"KI-405","UNEMPCNT","_T",4,"N","","Population and Housing Census","","",""
"A",2020,"KI-406","UNEMPCNT","_T",2,"N","","Population and Housing Census","","",""
"A",2020,"KI-408","UNEMPCNT","_T",1,"N","","Population and Housing Census","","",""
"A",2020,"KI-501","UNEMPCNT","_T",2,"N","","Population and Housing Census","","",""
"A",2020,"KI-502","UNEMPCNT","_T",23,"N","","Population and Housing Census","","",""
"A",2020,"KI-503","UNEMPCNT","_T",246,"N","","Population and Housing Census","","",""
"A",2020,"KI","UNEMPCNT","F",1082,"N","","Population and Housing Census","","",""
"A",2020,"KI","UNEMPCNT","M",1648,"N","","Population and Housing Census","","",""
"A",2020,"KI","UNEMPCNT","_T",2730,"N","","Population and Housing Census","","",""
